,Entendu_parler,Pays_naiss,Periode_naiss,Periode_dec,Qui_est_ce,Comment_entendu_Parler,Citer_oeuvre,Periode_historique,Oeuvres_lues,A_t_il_influencer,Nommer_influencer,Comment_est_il_percu,Citer_enseignant,Intellect_qui_a_soutenu,Avez_vous_lu_travaux,Critiques_formulées,Idee_tjrs_pertinentes_aujd,lieu_obtention_info,niveau_education_part,Pays_naiss_part,Pays_resid_part,Age_part,Age_entendu_parler_part
0,Oui,Sénégal,1920-1940,1980-2000,Autre,Réseau sociaux,civilisation et barbarie,L'Égypte antique,nation negre et culture,Oui,non,Visionnaire et Pionnier Promoteur du panafricanisme,non,non,Non,Unknow,Oui,"Livres, articles, conférences, etc. Contenu média sur internet etc",Supérieur,Côte d'Ivoire,Côte d'Ivoire,adulte,jeune
1,Oui,Sénégal,1920-1940,1960-1980,Autre,"Livres, article, conférence",Autre,L'Égypte antique,nation negre et culture,Oui,omotounde kalala,Visionnaire et Pionnier Promoteur de la Diversité Historique,non,non,Non,Unknow,Oui,"Livres, articles, conférences, etc. Contenu média sur internet etc",Supérieur,Côte d'Ivoire,Côte d'Ivoire,adulte,jeune
2,Oui,Sénégal,1920-1940,1980-2000,Ecrivain,Au cours de votre scolarité,non,L'Égypte antique,aucune,Oui,non,Visionnaire et Pionnier,non,non,Non,Unknow,Oui,Contenu média sur internet etc,Supérieur,Côte d'Ivoire,Côte d'Ivoire,adulte,enfant
3,Oui,Sénégal,1920-1940,2000-2020,Ecrivain,Au cours de votre scolarité,non,L'Égypte antique,aucune,Oui,non,Visionnaire et Pionnier,Autre,non,Non,Unknow,Oui,Contenu média sur internet etc,Supérieur,Côte d'Ivoire,Côte d'Ivoire,adulte,jeune
4,Oui,Sénégal,1920-1940,1980-2000,Anthropologue Ecrivain Egyptologue Historien,Au cours de votre scolarité,non,L'Égypte antique,aucune,Oui,non,Visionnaire et Pionnier Promoteur du panafricanisme,non,non,Non,Unknow,Oui,Autre à préciser,Supérieur,Côte d'Ivoire,Côte d'Ivoire,adulte,jeune
5,Oui,Sénégal,1900-1920,1980-2000,Autre,"Livres, article, conférence",non,L'Égypte antique,aucune,Oui,Autre,Visionnaire et Pionnier,non,non,Oui,Autre,Oui,Contenu média sur internet etc,Supérieur,Côte d'Ivoire,France,adulte,jeune
6,Oui,Sénégal,1940-1960,Toujours vivant,Ecrivain,Au cours de votre scolarité,non,L'Afrique précoloniale,aucune,Oui,non,Visionnaire et Pionnier Promoteur de la Diversité Historique,non,non,Non,Unknow,Oui,Contenu média sur internet etc,Supérieur,Côte d'Ivoire,Côte d'Ivoire,jeune,enfant
7,Oui,Sénégal,1920-1940,1980-2000,Ecrivain,Au cours de votre scolarité,Autre,L'Égypte antique,aucune,Oui,theophile obenga,Visionnaire et Pionnier Promoteur du panafricanisme,non,non,Non,Unknow,Oui,"Livres, articles, conférences, etc. Contenu média sur internet etc",Supérieur,Côte d'Ivoire,Côte d'Ivoire,adulte,adulte
8,Oui,Sénégal,1920-1940,1980-2000,Autre,"Livres, article, conférence",Autre,L'Égypte antique,nation negre et culture,Oui,aime cesaire,Autre,non,theophile obenga,Non,Unknow,Oui,"Livres, articles, conférences, etc. Contenu média sur internet etc",Supérieur,Côte d'Ivoire,Côte d'Ivoire,adulte,jeune
9,Oui,Côte d'Ivoire,1900-1920,1980-2000,Ecrivain Historien,Au cours de votre scolarité,Autre,L'Égypte antique,"parenté génétique de l'égyptien pharaonique et des langues négro-africaines, dakar-abidjan, nouvelles éditions africaines, 1977.",Oui,non,Promoteur du panafricanisme,non,non,Non,Unknow,Oui,Contenu média sur internet etc,Supérieur,Côte d'Ivoire,France,jeune,jeune
10,Oui,Sénégal,1900-1920,1980-2000,Autre,Au cours de votre scolarité,non,L'Afrique précoloniale,aucune,Oui,non,Visionnaire et Pionnier Promoteur de la Diversité Historique,non,non,Non,Unknow,Oui,Contenu média sur internet etc,Supérieur,Côte d'Ivoire,Côte d'Ivoire,adulte,enfant
11,Non,Sénégal,1920-1940,1980-2000,Ecrivain,Au cours de votre scolarité,non,L'Égypte antique,aucune,Oui,non,Visionnaire et Pionnier Promoteur du panafricanisme,non,non,Non,Unknow,Oui,Contenu média sur internet etc,Supérieur,Cameroun,Côte d'Ivoire,jeune,jeune
12,Oui,Côte d'Ivoire,1960-1980,Toujours vivant,Anthropologue Ecrivain Egyptologue Historien,"A la télévision , A la radio (émission, reportage)",non,L'Égypte antique,aucune,Oui,non,Autre,non,non,Non,Unknow,Oui,Contenu média sur internet etc,Supérieur,Côte d'Ivoire,Côte d'Ivoire,jeune,jeune
13,Oui,Sénégal,1920-1940,2000-2020,Autre,Au cours de votre scolarité,afrique noire precoloniale,L'Afrique précoloniale,"l'unité culturelle de l'afrique noire,1959",Oui,aime cesaire,Autre,Autre,aucune idee,Oui,Autre,Oui,"Livres, articles, conférences, etc.",Supérieur,Togo,Autre,jeune,enfant
14,Oui,Côte d'Ivoire,1920-1940,1980-2000,Anthropologue Ecrivain,Au cours de votre scolarité,non,L'Afrique précoloniale,aucune,Oui,non,Visionnaire et Pionnier,non,non,Non,Unknow,Oui,"Livres, articles, conférences, etc. Contenu média sur internet etc",Supérieur,Côte d'Ivoire,Côte d'Ivoire,jeune,jeune
15,Oui,Sénégal,1900-1920,1980-2000,Autre,Au cours de votre scolarité,non,L'Égypte antique,aucune,Oui,non,Visionnaire et Pionnier Promoteur du panafricanisme,non,non,Non,Unknow,Oui,Contenu média sur internet etc,Supérieur,Togo,Autre,jeune,jeune
16,Oui,Sénégal,1920-1940,1960-1980,Autre,Au cours de votre scolarité,non,L'Égypte antique,aucune,Oui,Autre,Visionnaire et Pionnier Promoteur du panafricanisme,non,non,Oui,Unknow,Oui,"Livres, articles, conférences, etc. Contenu média sur internet etc",Supérieur,Autre,Côte d'Ivoire,adulte,jeune
17,Oui,Sénégal,1920-1940,1980-2000,Autre,"A la télévision , A la radio (émission, reportage)",non,L'Égypte antique,aucune,Oui,non,Autre,non,non,Oui,Autre,Oui,Contenu média sur internet etc,Supérieur,Côte d'Ivoire,Côte d'Ivoire,jeune,jeune
18,Oui,Sénégal,1900-1920,1960-1980,Autre,Au cours de votre scolarité,non,L'Afrique précoloniale,aucune,Oui,Autre,Visionnaire et Pionnier,non,leopold sedar senghor,Non,Unknow,Oui,Contenu média sur internet etc,Supérieur,Côte d'Ivoire,Côte d'Ivoire,adulte,jeune
19,Oui,Sénégal,1900-1920,1980-2000,Anthropologue Egyptologue Historien,"Livres, article, conférence",nation negre et culture,L'Égypte antique,nation negre et culture,Oui,joseph ki zerbo,Visionnaire et Pionnier Promoteur du panafricanisme,non,joseph ki zerbo,Oui,Autre,Oui,"Livres, articles, conférences, etc.",Supérieur,Côte d'Ivoire,France,adulte,jeune
20,Oui,Sénégal,1900-1920,1960-1980,Autre,"Livres, article, conférence",nation negre et culture,L'Afrique précoloniale,aucune,Oui,omotounde kalala,Promoteur du panafricanisme,Autre,Autre,Oui,Autre,Oui,"Livres, articles, conférences, etc. Contenu média sur internet etc Autre à préciser",Supérieur,Côte d'Ivoire,Côte d'Ivoire,jeune,jeune
21,Oui,Sénégal,1900-1920,1980-2000,Autre,Réseau sociaux,non,L'Égypte antique,aucune,Oui,non,Visionnaire et Pionnier Critique et Contestataire Promoteur du panafricanisme,non,non,Non,Unknow,Oui,Contenu média sur internet etc,Supérieur,Côte d'Ivoire,Côte d'Ivoire,adulte,jeune
22,Oui,Sénégal,1920-1940,1980-2000,Autre,Au cours de votre scolarité,non,L'Égypte antique,aucune,Oui,non,Promoteur du panafricanisme,non,non,Non,Unknow,Oui,Contenu média sur internet etc,Supérieur,Togo,Côte d'Ivoire,jeune,enfant
23,Oui,Sénégal,1920-1940,2000-2020,Anthropologue Ecrivain,Réseau sociaux,non,L'Afrique précoloniale,aucune,Oui,kemi seba,Visionnaire et Pionnier Promoteur du panafricanisme,non,non,Non,Unknow,Oui,"Livres, articles, conférences, etc. Contenu média sur internet etc",Supérieur,Côte d'Ivoire,Côte d'Ivoire,jeune,jeune
24,Oui,Sénégal,1920-1940,2000-2020,Autre,"Livres, article, conférence",nation negre et culture,L'Afrique précoloniale,aucune,Oui,non,Visionnaire et Pionnier Promoteur de la Diversité Historique Promoteur du panafricanisme,non,non,Non,Unknow,Oui,"Livres, articles, conférences, etc.",Supérieur,Togo,France,jeune,enfant
25,Oui,Sénégal,1920-1940,1980-2000,Ecrivain Historien,Au cours de votre scolarité,non,L'Afrique précoloniale,aucune,Oui,non,Promoteur du panafricanisme,non,non,Non,Unknow,Oui,Autre à préciser,Supérieur,Côte d'Ivoire,Côte d'Ivoire,adulte,enfant
26,Oui,Sénégal,1920-1940,1980-2000,Ecrivain,"Livres, article, conférence",non,L'Afrique précoloniale,aucune,Oui,non,Promoteur du panafricanisme,non,non,Non,Unknow,Oui,Contenu média sur internet etc,Supérieur,Côte d'Ivoire,Côte d'Ivoire,adulte,jeune
27,Oui,Sénégal,1940-1960,1980-2000,Anthropologue Ecrivain Egyptologue Historien,Par des amis et connaissance,non,L'Égypte antique,aucune,Non,non,Autre,non,non,Non,Unknow,Oui,Contenu média sur internet etc,Supérieur,Côte d'Ivoire,Côte d'Ivoire,jeune,jeune
28,Non,Sénégal,1920-1940,1980-2000,Ecrivain,Au cours de votre scolarité,non,L'Égypte antique,aucune,Oui,non,Visionnaire et Pionnier Promoteur du panafricanisme,non,non,Non,Unknow,Oui,Contenu média sur internet etc,Supérieur,Côte d'Ivoire,Côte d'Ivoire,jeune,jeune
29,Oui,Sénégal,1900-1920,1980-2000,Anthropologue Ecrivain Egyptologue Historien,"Livres, article, conférence",non,L'Afrique précoloniale,aucune,Oui,Autre,Promoteur du panafricanisme,non,leopold sedar senghor,Non,Unknow,Oui,"Livres, articles, conférences, etc.",Supérieur,Côte d'Ivoire,Côte d'Ivoire,adulte,enfant
30,Oui,Sénégal,1920-1940,1980-2000,Autre,Au cours de votre scolarité,Autre,L'Égypte antique,aucune,Oui,non,Visionnaire et Pionnier Promoteur du panafricanisme,Autre,Autre,Non,Unknow,Oui,Contenu média sur internet etc,Supérieur,Côte d'Ivoire,Côte d'Ivoire,jeune,enfant
31,Oui,Sénégal,1920-1940,1960-1980,Anthropologue Ecrivain Historien,Réseau sociaux,non,L'Afrique précoloniale,nation negre et culture,Oui,kemi seba,Visionnaire et Pionnier,non,non,Non,Unknow,Oui,Contenu média sur internet etc,Supérieur,Côte d'Ivoire,Côte d'Ivoire,jeune,jeune
32,Oui,Sénégal,1920-1940,1980-2000,Anthropologue Ecrivain Historien,Au cours de votre scolarité,non,L'Afrique précoloniale,aucune,Oui,non,Visionnaire et Pionnier Promoteur du panafricanisme,non,non,Non,Unknow,Oui,Contenu média sur internet etc,Supérieur,Côte d'Ivoire,France,jeune,jeune
33,Oui,Côte d'Ivoire,1940-1960,1980-2000,Anthropologue Ecrivain Egyptologue Historien Homme politique,"Livres, article, conférence",nation negre et culture,L'Égypte antique,nation negre et culture,Oui,theophile obenga,Visionnaire et Pionnier Promoteur du panafricanisme,non,Autre,Oui,Autre,Oui,"Livres, articles, conférences, etc.",Supérieur,Côte d'Ivoire,Côte d'Ivoire,jeune,jeune
34,Oui,Sénégal,1900-1920,1960-1980,Autre,"Livres, article, conférence",nation negre et culture,L'Égypte antique,civilisation et barbarie,Oui,theophile obenga,Visionnaire et Pionnier,Autre,Autre,Oui,Autre,Oui,"Livres, articles, conférences, etc.",Supérieur,Côte d'Ivoire,Côte d'Ivoire,jeune,jeune
35,Oui,Sénégal,1920-1940,1980-2000,Ecrivain Egyptologue Historien,Au cours de votre scolarité,nation negre et culture,L'Égypte antique,nation negre et culture,Oui,theophile obenga,Visionnaire et Pionnier,non,non,Non,Unknow,Oui,Contenu média sur internet etc,Supérieur,Côte d'Ivoire,Côte d'Ivoire,jeune,jeune
36,Oui,Côte d'Ivoire,1920-1940,2000-2020,Autre,Au cours de votre scolarité,nation negre et culture,L'Égypte antique,nation negre et culture,Oui,theophile obenga,Visionnaire et Pionnier Promoteur de la Diversité Historique Promoteur du panafricanisme,theophile obenga,aime cesaire,Oui,Autre,Oui,"Livres, articles, conférences, etc. Contenu média sur internet etc",Supérieur,Côte d'Ivoire,Côte d'Ivoire,jeune,jeune
37,Oui,Sénégal,1940-1960,2000-2020,Autre,Autre à préciser,nation negre et culture,L'Égypte antique,nation negre et culture,Oui,theophile obenga,Visionnaire et Pionnier Critique et Contestataire Promoteur du panafricanisme,theophile obenga,Autre,Oui,Autre,Oui,"Livres, articles, conférences, etc. Contenu média sur internet etc",Supérieur,Côte d'Ivoire,Côte d'Ivoire,jeune,jeune
38,Oui,Sénégal,1920-1940,1980-2000,Autre,Au cours de votre scolarité,Autre,L'Égypte antique,nation negre et culture,Oui,non,Visionnaire et Pionnier Promoteur de la Diversité Historique Promoteur du panafricanisme,non,non,Non,Unknow,Oui,Contenu média sur internet etc,Supérieur,Côte d'Ivoire,Côte d'Ivoire,adulte,jeune
39,Oui,Sénégal,1920-1940,1980-2000,Anthropologue Ecrivain Egyptologue Historien Homme politique Physicien,"Livres, article, conférence",afrique noire precoloniale,L'Égypte antique,nation negre et culture,Oui,theophile obenga,Visionnaire et Pionnier Promoteur de la Diversité Historique Critique et Contestataire Promoteur du panafricanisme,theophile obenga,theophile obenga,Non,Unknow,Oui,"Livres, articles, conférences, etc. Contenu média sur internet etc",Supérieur,Côte d'Ivoire,Côte d'Ivoire,jeune,jeune
40,Oui,Sénégal,1920-1940,1980-2000,Autre,Par des amis et connaissance,afrique noire precoloniale,L'Afrique précoloniale,civilisation et barbarie,Oui,Autre,Visionnaire et Pionnier,marcel griaule,non,Oui,Autre,Oui,"Livres, articles, conférences, etc. Contenu média sur internet etc",Supérieur,Côte d'Ivoire,Côte d'Ivoire,jeune,jeune
41,Oui,Sénégal,1900-1920,1960-1980,Autre,"Livres, article, conférence",nation negre et culture,L'Égypte antique,nation negre et culture,Oui,joseph ki zerbo,Autre,Autre,non,Oui,Autre,Oui,"Livres, articles, conférences, etc.",Supérieur,Côte d'Ivoire,Côte d'Ivoire,jeune,jeune
42,Oui,Sénégal,1920-1940,1980-2000,Autre,Autre à préciser,afrique noire precoloniale,L'Afrique précoloniale,nation negre et culture,Oui,non,Promoteur du panafricanisme,gaston bachelard,aime cesaire,Oui,Autre,Oui,"Livres, articles, conférences, etc.",Supérieur,Sénégal,Sénégal,adulte,enfant
43,Oui,Sénégal,1920-1940,1980-2000,Anthropologue Ecrivain Historien,"Livres, article, conférence",civilisation et barbarie,L'Afrique précoloniale,l'afrique noire précoloniale. étude comparée des systèmes politiques et sociaux de l'europe et de l'afrique noire de l'antiquité à la formation des états modernes.,Non,non,Visionnaire et Pionnier,non,non,Non,Unknow,Oui,"Livres, articles, conférences, etc.",Supérieur,Côte d'Ivoire,Côte d'Ivoire,adulte,jeune
44,Oui,Côte d'Ivoire,1900-1920,1980-2000,Autre,Au cours de votre scolarité,non,L'Égypte antique,aucune,Oui,theophile obenga,Autre,non,non,Oui,Unknow,Oui,"Livres, articles, conférences, etc.",Supérieur,Côte d'Ivoire,Côte d'Ivoire,jeune,jeune
45,Oui,Sénégal,1920-1940,Toujours vivant,Autre,Réseau sociaux,Autre,L'Afrique précoloniale,civilisation et barbarie,Oui,non,Visionnaire et Pionnier,non,non,Non,Unknow,Oui,Autre à préciser,Supérieur,Côte d'Ivoire,Côte d'Ivoire,adulte,adulte
46,Oui,Sénégal,1920-1940,2000-2020,Autre,"Livres, article, conférence",nation negre et culture,L'Égypte antique,nation negre et culture,Oui,amadou kourouma,Visionnaire et Pionnier Promoteur de la Diversité Historique Critique et Contestataire Promoteur du panafricanisme,non,joseph ki zerbo,Non,Unknow,Oui,"Livres, articles, conférences, etc. Contenu média sur internet etc",Supérieur,Côte d'Ivoire,Côte d'Ivoire,adulte,jeune
47,Oui,Sénégal,1920-1940,1980-2000,Autre,Au cours de votre scolarité,nation negre et culture,L'Égypte antique,nation negre et culture,Oui,non,Visionnaire et Pionnier Promoteur de la Diversité Historique Critique et Contestataire Promoteur du panafricanisme,non,non,Non,Unknow,Oui,"Livres, articles, conférences, etc.",Supérieur,Sénégal,France,adulte,enfant
48,Oui,Sénégal,1920-1940,2000-2020,Anthropologue Ecrivain,Par des amis et connaissance,nation negre et culture,L'Égypte antique,nation negre et culture,Oui,non,Visionnaire et Pionnier Promoteur du panafricanisme,non,non,Non,Unknow,Oui,"Livres, articles, conférences, etc. Contenu média sur internet etc",Supérieur,Côte d'Ivoire,Côte d'Ivoire,jeune,jeune
49,Oui,Sénégal,1920-1940,1980-2000,Autre,Au cours de votre scolarité,non,L'Égypte antique,aucune,Oui,Autre,Promoteur du panafricanisme,non,non,Non,Unknow,Oui,Contenu média sur internet etc,Supérieur,Gabon,France,jeune,enfant
50,Oui,Sénégal,1900-1920,1980-2000,Autre,Réseau sociaux,non,L'Égypte antique,aucune,Oui,omotounde kalala,Visionnaire et Pionnier Promoteur du panafricanisme,non,non,Non,Unknow,Oui,Contenu média sur internet etc,Supérieur,Côte d'Ivoire,Côte d'Ivoire,jeune,jeune
51,Non,Sénégal,1920-1940,1980-2000,Ecrivain,Au cours de votre scolarité,non,L'Égypte antique,aucune,Oui,non,Visionnaire et Pionnier Promoteur du panafricanisme,non,non,Non,Unknow,Oui,Contenu média sur internet etc,Supérieur,Côte d'Ivoire,Côte d'Ivoire,jeune,jeune
52,Oui,Côte d'Ivoire,1920-1940,2000-2020,Anthropologue Ecrivain Egyptologue Historien,Au cours de votre scolarité,non,L'Égypte antique,aucune,Oui,omotounde kalala,Promoteur du panafricanisme,non,non,Non,Unknow,Oui,"Livres, articles, conférences, etc.",Supérieur,Côte d'Ivoire,Côte d'Ivoire,jeune,jeune
53,Oui,Sénégal,1920-1940,1980-2000,Autre,"Livres, article, conférence",nation negre et culture,L'Afrique précoloniale,nation negre et culture,Oui,non,Visionnaire et Pionnier,non,non,Non,Unknow,Oui,"Livres, articles, conférences, etc.",Supérieur,Côte d'Ivoire,Côte d'Ivoire,jeune,jeune
54,Oui,Sénégal,1940-1960,2000-2020,Ecrivain Historien,Au cours de votre scolarité,non,L'Afrique précoloniale,aucune,Oui,non,Visionnaire et Pionnier,non,non,Non,Unknow,Oui,Contenu média sur internet etc,Supérieur,Côte d'Ivoire,France,jeune,enfant
55,Non,Sénégal,1920-1940,1980-2000,Ecrivain,Au cours de votre scolarité,non,L'Égypte antique,aucune,Oui,non,Visionnaire et Pionnier Promoteur du panafricanisme,non,non,Non,Unknow,Oui,Contenu média sur internet etc,Supérieur,Gabon,Gabon,jeune,jeune
56,Oui,Sénégal,1900-1920,1960-1980,Autre,Au cours de votre scolarité,civilisation et barbarie,L'Afrique précoloniale,aucune,Oui,non,Visionnaire et Pionnier Promoteur du panafricanisme,non,non,Non,Unknow,Oui,"Livres, articles, conférences, etc.",Supérieur,Gabon,Gabon,adulte,jeune
57,Oui,Sénégal,1920-1940,1980-2000,Anthropologue Ecrivain Historien,Réseau sociaux,nation negre et culture,L'Afrique précoloniale,nation negre et culture,Oui,non,Autre,non,non,Non,Unknow,Oui,Contenu média sur internet etc,Supérieur,Gabon,Gabon,adulte,jeune
58,Oui,Sénégal,1920-1940,1980-2000,Anthropologue Ecrivain Historien,Au cours de votre scolarité,non,L'Afrique précoloniale,aucune,Oui,Autre,Promoteur du panafricanisme,non,non,Non,Unknow,Oui,Contenu média sur internet etc,Supérieur,Côte d'Ivoire,France,jeune,jeune
59,Oui,Sénégal,1920-1940,1980-2000,Autre,Par des amis et connaissance,nation negre,L'Égypte antique,nation negre et culture,Oui,non,Visionnaire et Pionnier,non,aime cesaire,Oui,Autre,Oui,"Livres, articles, conférences, etc.",Supérieur,Côte d'Ivoire,Côte d'Ivoire,adulte,jeune
60,Oui,Sénégal,1920-1940,1960-1980,Ecrivain Historien Homme politique,Par des amis et connaissance,nation negre et culture,L'Afrique précoloniale,nation negre et culture,Oui,non,Visionnaire et Pionnier,non,Autre,Non,Unknow,Oui,"Livres, articles, conférences, etc.",Supérieur,France,Côte d'Ivoire,adulte,jeune
61,Oui,Sénégal,1900-1920,1980-2000,Autre,Au cours de votre scolarité,nation negre et culture,L'Égypte antique,nation negre et culture,Oui,omotounde kalala,Visionnaire et Pionnier Promoteur du panafricanisme,non,Autre,Non,Unknow,Oui,"Livres, articles, conférences, etc.",Supérieur,Autre,Gabon,adulte,jeune
62,Oui,Sénégal,1920-1940,1980-2000,Autre,Au cours de votre scolarité,nation negre et culture,L'Égypte antique,nation negre et culture,Oui,theophile obenga,Visionnaire et Pionnier Promoteur du panafricanisme,marcel griaule,theophile obenga,Oui,Autre,Oui,"Livres, articles, conférences, etc.",Supérieur,Côte d'Ivoire,Côte d'Ivoire,jeune,enfant
63,Oui,Sénégal,1940-1960,1980-2000,Anthropologue Egyptologue Historien,Réseau sociaux,non,L'Afrique précoloniale,aucune,Oui,non,Visionnaire et Pionnier,non,non,Non,Unknow,Oui,Contenu média sur internet etc,Supérieur,Côte d'Ivoire,Côte d'Ivoire,adulte,jeune
64,Oui,Sénégal,1940-1960,1980-2000,Autre,Au cours de votre scolarité,non,L'Égypte antique,aucune,Oui,non,Visionnaire et Pionnier Promoteur du panafricanisme,non,non,Non,Unknow,Oui,"Livres, articles, conférences, etc.",Supérieur,Côte d'Ivoire,Côte d'Ivoire,adulte,enfant
65,Non,Sénégal,1920-1940,1980-2000,Ecrivain,Au cours de votre scolarité,non,L'Égypte antique,aucune,Oui,non,Visionnaire et Pionnier Promoteur du panafricanisme,non,non,Non,Unknow,Oui,Contenu média sur internet etc,Supérieur,Côte d'Ivoire,Côte d'Ivoire,jeune,jeune
66,Oui,Sénégal,1940-1960,2000-2020,Anthropologue Egyptologue Historien,Réseau sociaux,afrique noire precoloniale,L'Égypte antique,aucune,Oui,non,Visionnaire et Pionnier Promoteur de la Diversité Historique Promoteur du panafricanisme,non,non,Non,Unknow,Oui,Contenu média sur internet etc,Supérieur,Côte d'Ivoire,Côte d'Ivoire,adulte,jeune
67,Oui,Sénégal,1920-1940,2000-2020,Anthropologue Ecrivain Egyptologue Historien,"Livres, article, conférence",nation negre et culture,L'Égypte antique,nation negre et culture,Oui,non,Promoteur du panafricanisme,non,non,Non,Unknow,Oui,Contenu média sur internet etc,Supérieur,Togo,Autre,jeune,enfant
68,Oui,Autre,1920-1940,1980-2000,Anthropologue Ecrivain Egyptologue Historien Homme politique,Par des amis et connaissance,non,L'Égypte antique,nation negre et culture,Non,non,Visionnaire et Pionnier,non,non,Non,Unknow,Oui,Autre à préciser,Supérieur,Côte d'Ivoire,France,adulte,adulte
69,Oui,Sénégal,1900-1920,1980-2000,Autre,Au cours de votre scolarité,Autre,L'Égypte antique,aucune,Oui,non,Autre,non,non,Non,Unknow,Oui,"Livres, articles, conférences, etc.",Supérieur,Côte d'Ivoire,Autre,adulte,enfant
70,Oui,Sénégal,1920-1940,1980-2000,Anthropologue Egyptologue Historien,"Livres, article, conférence",nation negre et culture,L'Égypte antique,nation negre et culture,Oui,theophile obenga,Visionnaire et Pionnier,non,theophile obenga,Non,Unknow,Oui,"Livres, articles, conférences, etc.",Supérieur,Côte d'Ivoire,Côte d'Ivoire,jeune,jeune
71,Oui,Sénégal,1940-1960,1980-2000,Autre,Réseau sociaux,nation negre et culture,L'Égypte antique,nation negre et culture,Non,non,Autre,non,theophile obenga,Oui,Autre,Oui,"Livres, articles, conférences, etc.",Supérieur,France,Gabon,adulte,jeune
72,Oui,Sénégal,1920-1940,Toujours vivant,Autre,Au cours de votre scolarité,Autre,L'Afrique précoloniale,aucune,Oui,amadou kourouma,Visionnaire et Pionnier,non,non,Non,Unknow,Non,"Livres, articles, conférences, etc. Contenu média sur internet etc",Supérieur,Côte d'Ivoire,Côte d'Ivoire,jeune,jeune
73,Oui,Sénégal,1920-1940,2000-2020,Ecrivain,Au cours de votre scolarité,non,L'Afrique précoloniale,aucune,Oui,non,Visionnaire et Pionnier,non,non,Non,Unknow,Oui,Contenu média sur internet etc,Supérieur,Côte d'Ivoire,Côte d'Ivoire,jeune,enfant
74,Oui,Sénégal,1920-1940,1960-1980,Autre,Réseau sociaux,non,L'Égypte antique,aucune,Oui,Autre,Visionnaire et Pionnier Critique et Contestataire Promoteur du panafricanisme,non,Autre,Non,Unknow,Oui,Contenu média sur internet etc,Supérieur,Gabon,Gabon,adulte,jeune
75,Oui,Sénégal,1920-1940,1980-2000,Autre,"Livres, article, conférence",non,L'Afrique précoloniale,aucune,Oui,non,Visionnaire et Pionnier Critique et Contestataire Promoteur du panafricanisme,non,non,Oui,Unknow,Oui,"Livres, articles, conférences, etc. Contenu média sur internet etc",Supérieur,Cameroun,Côte d'Ivoire,jeune,jeune
76,Oui,Sénégal,1920-1940,2000-2020,Ecrivain Historien,Au cours de votre scolarité,nation negre et culture,L'Égypte antique,aucune,Non,non,Autre,non,non,Non,Unknow,Oui,Contenu média sur internet etc,Supérieur,Côte d'Ivoire,Côte d'Ivoire,jeune,enfant
77,Oui,Sénégal,1920-1940,1980-2000,Ecrivain,"Livres, article, conférence",non,L'Afrique précoloniale,aucune,Oui,non,Autre,non,non,Non,Unknow,Oui,"Livres, articles, conférences, etc.",Supérieur,Côte d'Ivoire,Côte d'Ivoire,jeune,enfant
78,Oui,Sénégal,1920-1940,1980-2000,Anthropologue Egyptologue Historien,"Livres, article, conférence",afrique noire precoloniale,L'Égypte antique,nation negre et culture,Oui,joseph ki zerbo,Visionnaire et Pionnier Promoteur du panafricanisme,non,theophile obenga,Oui,Autre,Oui,"Livres, articles, conférences, etc. Contenu média sur internet etc",Supérieur,Côte d'Ivoire,Côte d'Ivoire,adulte,jeune
79,Oui,Sénégal,1920-1940,1980-2000,Autre,Au cours de votre scolarité,Autre,L'Égypte antique,aucune,Oui,Autre,Promoteur du panafricanisme,non,non,Non,Unknow,Oui,Contenu média sur internet etc,Supérieur,Gabon,Gabon,adulte,jeune
80,Oui,Sénégal,1920-1940,1980-2000,Autre,Au cours de votre scolarité,non,L'Afrique précoloniale,aucune,Oui,non,Promoteur du panafricanisme,non,non,Non,Unknow,Oui,Contenu média sur internet etc,Supérieur,Gabon,Gabon,adulte,enfant
81,Non,Sénégal,1920-1940,1980-2000,Ecrivain,Au cours de votre scolarité,non,L'Égypte antique,aucune,Oui,non,Visionnaire et Pionnier Promoteur du panafricanisme,non,non,Non,Unknow,Oui,Contenu média sur internet etc,Supérieur,Côte d'Ivoire,Côte d'Ivoire,jeune,jeune
82,Oui,Sénégal,1920-1940,2000-2020,Ecrivain Egyptologue Historien,Au cours de votre scolarité,non,L'Égypte antique,aucune,Oui,non,Visionnaire et Pionnier Promoteur du panafricanisme,non,non,Non,Unknow,Oui,Contenu média sur internet etc,Supérieur,Côte d'Ivoire,Côte d'Ivoire,jeune,jeune
83,Oui,Sénégal,1920-1940,2000-2020,Ecrivain,Au cours de votre scolarité,non,L'Afrique précoloniale,aucune,Oui,aime cesaire,Visionnaire et Pionnier Promoteur du panafricanisme,non,leopold sedar senghor,Oui,Unknow,Oui,"Livres, articles, conférences, etc.",Supérieur,Côte d'Ivoire,Côte d'Ivoire,jeune,enfant
84,Oui,Sénégal,1920-1940,1980-2000,Autre,Au cours de votre scolarité,non,L'Afrique précoloniale,aucune,Oui,non,Visionnaire et Pionnier Promoteur de la Diversité Historique Promoteur du panafricanisme,non,non,Non,Unknow,Oui,Contenu média sur internet etc,Supérieur,Gabon,Gabon,adulte,jeune
85,Oui,Sénégal,1920-1940,1980-2000,Ecrivain,"Livres, article, conférence",non,L'Égypte antique,aucune,Oui,non,Promoteur du panafricanisme,non,non,Non,Unknow,Oui,"Livres, articles, conférences, etc.",Supérieur,Gabon,Gabon,jeune,jeune
86,Oui,Autre,1900-1920,2000-2020,Autre,Au cours de votre scolarité,non,L'Afrique précoloniale,aucune,Oui,non,Visionnaire et Pionnier Promoteur du panafricanisme,non,non,Non,Unknow,Oui,Contenu média sur internet etc,Sécondaire 2nd cycle,Côte d'Ivoire,Côte d'Ivoire,jeune,enfant
87,Oui,Sénégal,1940-1960,1980-2000,Autre,"Livres, article, conférence",nation negre et culture,L'Égypte antique,nation negre et culture,Oui,aime cesaire,Visionnaire et Pionnier,non,non,Non,Unknow,Oui,"Livres, articles, conférences, etc.",Sécondaire 2nd cycle,Côte d'Ivoire,Côte d'Ivoire,adulte,jeune
88,Oui,Sénégal,1920-1940,1980-2000,Autre,"Livres, article, conférence",non,L'Afrique précoloniale,aucune,Oui,non,Promoteur du panafricanisme,non,non,Non,Unknow,Oui,"Livres, articles, conférences, etc.",Supérieur,Côte d'Ivoire,Côte d'Ivoire,jeune,jeune
89,Oui,Sénégal,1940-1960,2000-2020,Anthropologue Ecrivain Egyptologue Historien,Autre à préciser,non,L'Afrique précoloniale,aucune,Oui,non,Visionnaire et Pionnier Promoteur du panafricanisme,non,non,Non,Unknow,Oui,Contenu média sur internet etc,Supérieur,Gabon,Gabon,adulte,jeune
90,Oui,Sénégal,1940-1960,1980-2000,Ecrivain Historien Homme politique,Au cours de votre scolarité,non,L'Afrique précoloniale,aucune,Oui,le panafricanisme,Visionnaire et Pionnier,non,non,Oui,Unknow,Oui,Contenu média sur internet etc,Supérieur,Gabon,Gabon,adulte,enfant
91,Oui,Sénégal,1900-1920,1980-2000,Anthropologue Ecrivain Egyptologue Historien,Au cours de votre scolarité,non,L'Égypte antique,aucune,Oui,non,Autre,non,non,Non,Unknow,Oui,"Livres, articles, conférences, etc. Contenu média sur internet etc",Supérieur,Côte d'Ivoire,France,adulte,enfant
92,Oui,Sénégal,1920-1940,1980-2000,Anthropologue Ecrivain,Au cours de votre scolarité,non,L'Égypte antique,aucune,Oui,non,Visionnaire et Pionnier,non,non,Non,Unknow,Oui,Contenu média sur internet etc,Supérieur,Côte d'Ivoire,Côte d'Ivoire,jeune,jeune
93,Oui,Sénégal,1940-1960,1980-2000,Anthropologue Ecrivain Egyptologue Historien Homme politique Linguiste Mathématicien Physicien,Au cours de votre scolarité,non,L'Afrique précoloniale,aucune,Oui,aime cesaire,Visionnaire et Pionnier Promoteur de la Diversité Historique Critique et Contestataire Promoteur du panafricanisme,non,Autre,Non,Unknow,Oui,Autre à préciser,Supérieur,Gabon,Côte d'Ivoire,adulte,enfant
94,Oui,Sénégal,1900-1920,1980-2000,Autre,"A la télévision , A la radio (émission, reportage)",non,L'Afrique précoloniale,aucune,Oui,non,Visionnaire et Pionnier,non,leopold sedar senghor,Non,Unknow,Oui,Contenu média sur internet etc,Supérieur,Côte d'Ivoire,Côte d'Ivoire,jeune,jeune
95,Oui,Sénégal,1920-1940,2000-2020,Ecrivain Historien,"Livres, article, conférence",non,L'Afrique précoloniale,aucune,Oui,non,Promoteur du panafricanisme,non,non,Non,Unknow,Oui,"Livres, articles, conférences, etc. Contenu média sur internet etc",Supérieur,Autre,France,jeune,enfant
96,Non,Sénégal,1920-1940,1980-2000,Ecrivain,Au cours de votre scolarité,non,L'Égypte antique,aucune,Oui,non,Visionnaire et Pionnier Promoteur du panafricanisme,non,non,Non,Unknow,Oui,Contenu média sur internet etc,Supérieur,Côte d'Ivoire,Côte d'Ivoire,jeune,jeune
97,Oui,Autre,1940-1960,1980-2000,Ecrivain Egyptologue Historien,"A la télévision , A la radio (émission, reportage)",non,L'Égypte antique,aucune,Oui,non,Visionnaire et Pionnier,non,non,Oui,Unknow,Oui,Contenu média sur internet etc,Supérieur,France,France,adulte,enfant
98,Oui,Sénégal,1920-1940,1980-2000,Autre,Autre à préciser,nation negre et culture,L'Égypte antique,aucune,Oui,non,Visionnaire et Pionnier,non,non,Non,Unknow,Oui,Contenu média sur internet etc,Supérieur,Autre,France,adulte,enfant
99,Oui,Sénégal,1920-1940,1980-2000,Anthropologue Ecrivain Egyptologue Historien Homme politique,"A la télévision , A la radio (émission, reportage)",non,L'Égypte antique,aucune,Oui,non,Visionnaire et Pionnier Promoteur du panafricanisme,non,non,Non,Unknow,Oui,Contenu média sur internet etc,Sécondaire 2nd cycle,France,France,adulte,jeune
100,Oui,Sénégal,1900-1920,1980-2000,Ecrivain,Au cours de votre scolarité,non,L'Afrique précoloniale,aucune,Oui,non,Autre,non,non,Non,Unknow,Oui,Contenu média sur internet etc,Supérieur,Côte d'Ivoire,Côte d'Ivoire,jeune,jeune
101,Oui,Sénégal,1900-1920,1980-2000,Autre,"Livres, article, conférence",nation negre et culture,L'Égypte antique,nation negre et culture,Oui,joseph ki zerbo,Visionnaire et Pionnier Promoteur de la Diversité Historique Promoteur du panafricanisme,non,non,Non,Unknow,Oui,"Livres, articles, conférences, etc. Contenu média sur internet etc",Supérieur,Côte d'Ivoire,Côte d'Ivoire,jeune,enfant
102,Oui,Sénégal,1920-1940,1980-2000,Autre,Au cours de votre scolarité,non,L'Afrique précoloniale,nation negre et culture,Oui,non,Visionnaire et Pionnier,non,non,Non,Unknow,Non,"Livres, articles, conférences, etc. Contenu média sur internet etc",Supérieur,Autre,Autre,jeune,enfant
103,Oui,Sénégal,1940-1960,2000-2020,Ecrivain,Au cours de votre scolarité,non,L'Égypte antique,aucune,Oui,non,Promoteur du panafricanisme,non,non,Non,Unknow,Oui,"Livres, articles, conférences, etc.",Supérieur,Côte d'Ivoire,Côte d'Ivoire,jeune,enfant
104,Oui,Sénégal,1920-1940,1980-2000,Ecrivain,"Livres, article, conférence",afrique noire precoloniale,L'Afrique précoloniale,l'afrique noire précoloniale. étude comparée des systèmes politiques et sociaux de l'europe et de l'afrique noire de l'antiquité à la formation des états modernes.,Oui,non,Visionnaire et Pionnier Promoteur de la Diversité Historique Promoteur du panafricanisme,non,non,Non,Unknow,Oui,"Livres, articles, conférences, etc. Contenu média sur internet etc",Supérieur,Côte d'Ivoire,Côte d'Ivoire,jeune,enfant
105,Oui,Sénégal,1920-1940,2000-2020,Anthropologue Ecrivain Egyptologue Historien,Au cours de votre scolarité,afrique noire precoloniale,L'Afrique précoloniale,aucune,Oui,omotounde kalala,Visionnaire et Pionnier,non,theophile obenga,Non,Unknow,Oui,"Livres, articles, conférences, etc. Contenu média sur internet etc",Supérieur,Côte d'Ivoire,Côte d'Ivoire,jeune,jeune
106,Oui,Sénégal,1940-1960,2000-2020,Ecrivain,"Livres, article, conférence",non,L'Afrique précoloniale,aucune,Oui,non,Promoteur du panafricanisme,non,non,Non,Unknow,Oui,"Livres, articles, conférences, etc.",Supérieur,Côte d'Ivoire,Côte d'Ivoire,jeune,jeune
107,Oui,Sénégal,1900-1920,1980-2000,Autre,Au cours de votre scolarité,non,L'Afrique précoloniale,aucune,Oui,non,Visionnaire et Pionnier,non,non,Non,Unknow,Oui,"Livres, articles, conférences, etc.",Supérieur,Côte d'Ivoire,Côte d'Ivoire,jeune,enfant
108,Non,Sénégal,1920-1940,1980-2000,Ecrivain,Au cours de votre scolarité,non,L'Égypte antique,aucune,Oui,non,Visionnaire et Pionnier Promoteur du panafricanisme,non,non,Non,Unknow,Oui,Contenu média sur internet etc,Supérieur,Cameroun,Côte d'Ivoire,jeune,jeune
109,Oui,Sénégal,1920-1940,1980-2000,Ecrivain,Au cours de votre scolarité,non,L'Égypte antique,aucune,Oui,non,Visionnaire et Pionnier Promoteur du panafricanisme,non,non,Non,Unknow,Oui,Contenu média sur internet etc,Supérieur,Côte d'Ivoire,Côte d'Ivoire,jeune,jeune
110,Oui,Sénégal,1920-1940,1960-1980,Autre,"A la télévision , A la radio (émission, reportage)",nation negre et culture,L'Égypte antique,nation negre et culture,Oui,non,Visionnaire et Pionnier,non,theophile obenga,Non,Unknow,Oui,"Livres, articles, conférences, etc. Contenu média sur internet etc",Supérieur,Côte d'Ivoire,Côte d'Ivoire,jeune,jeune
111,Non,Sénégal,1920-1940,1980-2000,Ecrivain,Au cours de votre scolarité,non,L'Égypte antique,aucune,Oui,non,Visionnaire et Pionnier Promoteur du panafricanisme,non,non,Non,Unknow,Oui,Contenu média sur internet etc,Supérieur,Côte d'Ivoire,Côte d'Ivoire,jeune,jeune
112,Oui,Sénégal,1920-1940,1980-2000,Autre,Par des amis et connaissance,nation negre et culture,L'Égypte antique,nation negre et culture,Oui,theophile obenga,Visionnaire et Pionnier Promoteur du panafricanisme,non,theophile obenga,Oui,Autre,Oui,"Livres, articles, conférences, etc.",Supérieur,Sénégal,France,adulte,jeune
113,Oui,Sénégal,1900-1920,1980-2000,Autre,Au cours de votre scolarité,Autre,L'Égypte antique,aucune,Oui,non,Visionnaire et Pionnier,non,non,Non,Unknow,Oui,"Livres, articles, conférences, etc. Contenu média sur internet etc",Supérieur,Côte d'Ivoire,Côte d'Ivoire,adulte,enfant
114,Oui,Sénégal,1900-1920,1960-1980,Ecrivain Egyptologue Historien,Au cours de votre scolarité,nation negre et culture,L'Égypte antique,aucune,Oui,non,Autre,non,non,Non,Unknow,Oui,"Livres, articles, conférences, etc.",Supérieur,Côte d'Ivoire,Autre,adulte,enfant
115,Oui,Sénégal,1920-1940,1980-2000,Anthropologue Egyptologue Historien,Par des amis et connaissance,nation negre et culture,L'Égypte antique,aucune,Oui,joseph ki zerbo,Visionnaire et Pionnier Promoteur de la Diversité Historique Promoteur du panafricanisme,non,Autre,Non,Unknow,Oui,Contenu média sur internet etc,Supérieur,Côte d'Ivoire,France,adulte,enfant
116,Oui,Sénégal,1920-1940,1980-2000,Ecrivain Historien,Au cours de votre scolarité,non,L'Afrique précoloniale,aucune,Non,non,Visionnaire et Pionnier,non,non,Non,Unknow,Oui,"Livres, articles, conférences, etc. Contenu média sur internet etc",Supérieur,Côte d'Ivoire,Côte d'Ivoire,jeune,jeune
117,Oui,Sénégal,1920-1940,1980-2000,Autre,Par des amis et connaissance,civilisation et barbarie,L'Égypte antique,nation negre et culture,Oui,theophile obenga,Visionnaire et Pionnier Promoteur du panafricanisme,non,theophile obenga,Oui,Autre,Oui,"Livres, articles, conférences, etc.",Supérieur,Côte d'Ivoire,France,adulte,jeune
118,Oui,Sénégal,1920-1940,1980-2000,Autre,Par des amis et connaissance,Autre,L'Afrique précoloniale,nation negre et culture,Oui,theophile obenga,Visionnaire et Pionnier Promoteur du panafricanisme,non,theophile obenga,Oui,Autre,Oui,"Livres, articles, conférences, etc. Contenu média sur internet etc Autre à préciser",Supérieur,Autre,France,adulte,jeune
119,Oui,Sénégal,1920-1940,1980-2000,Autre,Au cours de votre scolarité,nation negre et culture,L'Afrique précoloniale,nation negre et culture,Oui,theophile obenga,Visionnaire et Pionnier Promoteur du panafricanisme,marcel griaule,aime cesaire,Oui,Autre,Oui,"Livres, articles, conférences, etc.",Supérieur,Cameroun,France,adulte,jeune
120,Oui,Sénégal,1900-1920,1960-1980,Autre,Par des amis et connaissance,nation negre et culture,L'Afrique précoloniale,"l'unité culturelle de l'afrique noire,1959",Oui,le panafricanisme,Visionnaire et Pionnier Promoteur du panafricanisme,non,non,Non,Unknow,Oui,Autre à préciser,Supérieur,Cameroun,France,adulte,adulte
121,Oui,Sénégal,1920-1940,1980-2000,Autre,Autre à préciser,nation negre et culture,L'Égypte antique,nation negre et culture,Oui,theophile obenga,Visionnaire et Pionnier Promoteur du panafricanisme,theophile obenga,theophile obenga,Oui,Autre,Oui,"Livres, articles, conférences, etc. Contenu média sur internet etc Autre à préciser",Supérieur,Autre,Autre,adulte,adulte
122,Oui,Sénégal,1920-1940,1980-2000,Autre,Par des amis et connaissance,Autre,L'Égypte antique,nation negre et culture,Oui,theophile obenga,Visionnaire et Pionnier Promoteur de la Diversité Historique Critique et Contestataire Promoteur du panafricanisme,non,theophile obenga,Oui,Autre,Oui,"Livres, articles, conférences, etc. Contenu média sur internet etc Autre à préciser",Supérieur,Sénégal,Sénégal,adulte,jeune
123,Oui,Côte d'Ivoire,1960-1980,Toujours vivant,Anthropologue Ecrivain Egyptologue Historien,Au cours de votre scolarité,non,L'Égypte antique,aucune,Oui,non,Visionnaire et Pionnier Critique et Contestataire Promoteur du panafricanisme,non,non,Oui,Autre,Oui,Contenu média sur internet etc,Supérieur,Côte d'Ivoire,Côte d'Ivoire,adulte,enfant
124,Oui,Sénégal,1920-1940,2000-2020,Ecrivain,Au cours de votre scolarité,Autre,L'Afrique précoloniale,aucune,Oui,non,Visionnaire et Pionnier Promoteur du panafricanisme,non,non,Non,Unknow,Oui,"Livres, articles, conférences, etc. Autre à préciser",Supérieur,Côte d'Ivoire,France,jeune,enfant
125,Oui,Sénégal,1920-1940,1980-2000,Autre,"A la télévision , A la radio (émission, reportage)",nation negre et culture,L'Égypte antique,aucune,Oui,Autre,Visionnaire et Pionnier Promoteur du panafricanisme,non,aime cesaire,Non,Unknow,Oui,Contenu média sur internet etc,Supérieur,Autre,Autre,jeune,jeune
126,Oui,Sénégal,1920-1940,1980-2000,Autre,Au cours de votre scolarité,non,L'Égypte antique,aucune,Oui,omotounde kalala,Visionnaire et Pionnier Promoteur du panafricanisme,non,aime cesaire,Non,Unknow,Oui,"Livres, articles, conférences, etc. Contenu média sur internet etc",Supérieur,Autre,Sénégal,jeune,jeune
127,Oui,Sénégal,1920-1940,1980-2000,Ecrivain Egyptologue Historien,Au cours de votre scolarité,non,L'Égypte antique,aucune,Oui,non,Visionnaire et Pionnier Promoteur du panafricanisme,non,non,Non,Unknow,Oui,Contenu média sur internet etc,Supérieur,Cameroun,Côte d'Ivoire,jeune,jeune
128,Oui,Sénégal,1920-1940,1980-2000,Autre,Au cours de votre scolarité,nation negre et culture,L'Égypte antique,nation negre et culture,Oui,theophile obenga,Visionnaire et Pionnier Promoteur du panafricanisme,non,aime cesaire,Non,Unknow,Oui,Autre à préciser,Supérieur,Autre,Côte d'Ivoire,adulte,jeune
129,Oui,Sénégal,1900-1920,1960-1980,Autre,Par des amis et connaissance,nation negre et culture,L'Égypte antique,nation negre et culture,Oui,non,Visionnaire et Pionnier,non,non,Non,Unknow,Oui,Contenu média sur internet etc,Supérieur,Côte d'Ivoire,Côte d'Ivoire,adulte,jeune
130,Oui,Sénégal,1920-1940,1980-2000,Autre,Par des amis et connaissance,nation negre et culture,L'Afrique précoloniale,nation negre et culture,Oui,Autre,Visionnaire et Pionnier Promoteur du panafricanisme,non,non,Non,Unknow,Oui,"Livres, articles, conférences, etc. Contenu média sur internet etc",Supérieur,Côte d'Ivoire,Autre,adulte,jeune
131,Oui,Sénégal,1920-1940,2000-2020,Anthropologue Ecrivain,"A la télévision , A la radio (émission, reportage)",non,L'Égypte antique,aucune,Oui,aime cesaire,Visionnaire et Pionnier,non,non,Non,Unknow,Oui,Contenu média sur internet etc,Supérieur,Côte d'Ivoire,Côte d'Ivoire,adulte,jeune
132,Non,Sénégal,1920-1940,1980-2000,Ecrivain,Au cours de votre scolarité,non,L'Égypte antique,aucune,Oui,non,Visionnaire et Pionnier Promoteur du panafricanisme,non,non,Non,Unknow,Oui,Contenu média sur internet etc,Supérieur,France,France,adulte,jeune
133,Oui,Sénégal,1920-1940,1960-1980,Autre,Par des amis et connaissance,nation negre et culture,L'Égypte antique,nation negre et culture,Oui,theophile obenga,Visionnaire et Pionnier,non,non,Non,Unknow,Oui,"Livres, articles, conférences, etc. Autre à préciser",Supérieur,Sénégal,Sénégal,adulte,jeune
134,Oui,Sénégal,1900-1920,1960-1980,Autre,Au cours de votre scolarité,nation negre et culture,L'Égypte antique,nation negre et culture,Oui,Autre,Visionnaire et Pionnier Promoteur du panafricanisme,non,non,Non,Unknow,Oui,"Livres, articles, conférences, etc.",Supérieur,Sénégal,France,adulte,jeune
135,Oui,Sénégal,1920-1940,1980-2000,Ecrivain,Au cours de votre scolarité,non,L'Égypte antique,aucune,Oui,non,Visionnaire et Pionnier Promoteur du panafricanisme,non,non,Non,Unknow,Oui,Contenu média sur internet etc,Supérieur,Côte d'Ivoire,Côte d'Ivoire,jeune,jeune
136,Oui,Sénégal,1940-1960,1980-2000,Autre,Par des amis et connaissance,non,L'Égypte antique,aucune,Oui,non,Autre,non,non,Non,Unknow,Oui,Contenu média sur internet etc,Supérieur,Autre,Autre,jeune,enfant
137,Non,Sénégal,1920-1940,1980-2000,Ecrivain,Au cours de votre scolarité,non,L'Égypte antique,aucune,Oui,non,Visionnaire et Pionnier Promoteur du panafricanisme,non,non,Non,Unknow,Oui,Contenu média sur internet etc,Supérieur,France,France,jeune,jeune
138,Oui,Sénégal,1920-1940,1980-2000,Autre,Au cours de votre scolarité,nation negre et culture,L'Égypte antique,nation negre et culture,Oui,Autre,Promoteur du panafricanisme,Autre,non,Non,Unknow,Oui,"Livres, articles, conférences, etc. Autre à préciser",Supérieur,Cameroun,Autre,jeune,jeune
139,Oui,Côte d'Ivoire,1900-1920,1960-1980,Autre,Par des amis et connaissance,civilisation et barbarie,L'Égypte antique,nation negre et culture,Oui,theophile obenga,Visionnaire et Pionnier Promoteur du panafricanisme,non,aime cesaire,Non,Unknow,Oui,"Livres, articles, conférences, etc.",Supérieur,Côte d'Ivoire,Côte d'Ivoire,jeune,jeune
140,Oui,Sénégal,1900-1920,1960-1980,Ecrivain,Au cours de votre scolarité,non,L'Afrique précoloniale,aucune,Oui,non,Visionnaire et Pionnier,non,non,Non,Unknow,Oui,Autre à préciser,Supérieur,Côte d'Ivoire,Côte d'Ivoire,adulte,jeune
141,Oui,Sénégal,1920-1940,1980-2000,Anthropologue Ecrivain Egyptologue Historien Homme politique Physicien,"Livres, article, conférence",civilisation et barbarie,L'Égypte antique,nation negre et culture,Oui,theophile obenga,Promoteur du panafricanisme,gaston bachelard,Autre,Oui,Autre,Oui,"Livres, articles, conférences, etc.",Supérieur,Côte d'Ivoire,Côte d'Ivoire,jeune,jeune
142,Oui,Sénégal,1920-1940,1980-2000,Anthropologue Ecrivain Egyptologue Historien Homme politique Physicien,"Livres, article, conférence",Autre,L'Égypte antique,aucune,Oui,iba der thiam,Visionnaire et Pionnier Critique et Contestataire Promoteur du panafricanisme,Autre,non,Non,Unknow,Oui,"Livres, articles, conférences, etc.",Supérieur,Sénégal,Sénégal,jeune,enfant
143,Oui,Sénégal,1920-1940,1980-2000,Anthropologue Ecrivain Egyptologue Historien,Au cours de votre scolarité,nation negre et culture,L'Égypte antique,aucune,Oui,non,Autre,non,non,Non,Unknow,Oui,Contenu média sur internet etc,Supérieur,Autre,France,adulte,jeune
144,Oui,Sénégal,1900-1920,1960-1980,Ecrivain Egyptologue Historien,Au cours de votre scolarité,non,L'Égypte antique,aucune,Oui,non,Visionnaire et Pionnier Promoteur de la Diversité Historique,non,non,Non,Unknow,Oui,"Livres, articles, conférences, etc. Contenu média sur internet etc",Supérieur,Côte d'Ivoire,Côte d'Ivoire,adulte,jeune
145,Oui,Sénégal,1920-1940,1960-1980,Anthropologue Egyptologue Historien,Au cours de votre scolarité,nation negre et culture,L'Égypte antique,aucune,Oui,non,Visionnaire et Pionnier,non,non,Non,Unknow,Oui,Contenu média sur internet etc,Supérieur,Cameroun,Autre,jeune,jeune
146,Oui,Sénégal,1900-1920,1980-2000,Anthropologue Ecrivain Egyptologue Historien Homme politique,Au cours de votre scolarité,non,L'Égypte antique,aucune,Oui,non,Visionnaire et Pionnier Promoteur du panafricanisme,non,non,Non,Unknow,Oui,"Livres, articles, conférences, etc.",Supérieur,Autre,Autre,jeune,jeune
147,Oui,Sénégal,1900-1920,1980-2000,Autre,Au cours de votre scolarité,nation negre et culture,L'Égypte antique,nation negre et culture,Oui,Autre,Autre,Autre,Autre,Oui,Autre,Oui,"Livres, articles, conférences, etc.",Supérieur,Sénégal,Sénégal,jeune,enfant
148,Oui,Sénégal,1920-1940,1980-2000,Autre,Au cours de votre scolarité,Autre,L'Afrique précoloniale,aucune,Non,non,Visionnaire et Pionnier,non,non,Non,Unknow,Oui,Autre à préciser,Supérieur,Sénégal,Sénégal,adulte,enfant
149,Oui,Sénégal,1920-1940,1980-2000,Autre,Au cours de votre scolarité,nation negre et culture,L'Égypte antique,nation negre et culture,Oui,non,Autre,Autre,joseph ki zerbo,Oui,Unknow,Oui,"Livres, articles, conférences, etc. Contenu média sur internet etc",Supérieur,Sénégal,Sénégal,jeune,enfant
150,Oui,Sénégal,1920-1940,1980-2000,Autre,"Livres, article, conférence",civilisation et barbarie,L'Égypte antique,civilisation et barbarie,Oui,non,Autre,non,non,Non,Unknow,Oui,"Livres, articles, conférences, etc.",Supérieur,Autre,Autre,jeune,jeune
151,Oui,Sénégal,1900-1920,1980-2000,Autre,Au cours de votre scolarité,nation negre et culture,L'Égypte antique,nation negre et culture,Oui,non,Visionnaire et Pionnier Promoteur de la Diversité Historique Critique et Contestataire Promoteur du panafricanisme,non,non,Non,Unknow,Oui,"Livres, articles, conférences, etc. Contenu média sur internet etc",Supérieur,Sénégal,France,jeune,enfant
152,Oui,Sénégal,1900-1920,1980-2000,Autre,Au cours de votre scolarité,Autre,L'Égypte antique,aucune,Oui,aime cesaire,Autre,non,aime cesaire,Oui,Autre,Oui,"Livres, articles, conférences, etc. Contenu média sur internet etc",Supérieur,Autre,Autre,jeune,jeune
153,Oui,Sénégal,1900-1920,1960-1980,Ecrivain Historien Homme politique,Au cours de votre scolarité,non,L'Afrique précoloniale,aucune,Oui,aime cesaire,Visionnaire et Pionnier Promoteur du panafricanisme,non,non,Non,Unknow,Oui,"Livres, articles, conférences, etc. Contenu média sur internet etc",Supérieur,Côte d'Ivoire,Côte d'Ivoire,jeune,enfant
154,Oui,Sénégal,1940-1960,2000-2020,Autre,Au cours de votre scolarité,non,L'Afrique précoloniale,aucune,Oui,non,Visionnaire et Pionnier Promoteur du panafricanisme,non,non,Non,Unknow,Oui,"Livres, articles, conférences, etc. Contenu média sur internet etc",Supérieur,Sénégal,Sénégal,jeune,enfant
155,Oui,Sénégal,1900-1920,1980-2000,Anthropologue Ecrivain Egyptologue Historien Homme politique Physicien,"A la télévision , A la radio (émission, reportage)",nation negre et culture,L'Égypte antique,aucune,Oui,theophile obenga,Visionnaire et Pionnier Promoteur du panafricanisme,theophile obenga,aucune idee,Non,Unknow,Oui,Autre à préciser,Supérieur,Côte d'Ivoire,Autre,adulte,enfant
156,Oui,Sénégal,1920-1940,1980-2000,Anthropologue Ecrivain Egyptologue Historien Homme politique Linguiste Mathématicien Physicien,Au cours de votre scolarité,civilisation et barbarie,L'Afrique précoloniale,nation negre et culture,Oui,Autre,Visionnaire et Pionnier Promoteur de la Diversité Historique Critique et Contestataire Promoteur du panafricanisme,marcel griaule,theophile obenga,Oui,Autre,Oui,"Livres, articles, conférences, etc. Autre à préciser",Supérieur,Sénégal,Sénégal,adulte,enfant
157,Oui,Sénégal,1920-1940,1980-2000,Anthropologue Ecrivain Egyptologue Historien Homme politique Physicien,Au cours de votre scolarité,civilisation et barbarie,L'Égypte antique,aucune,Oui,Autre,Visionnaire et Pionnier Promoteur du panafricanisme,non,Autre,Non,Unknow,Oui,Contenu média sur internet etc,Supérieur,Sénégal,Sénégal,jeune,jeune
158,Oui,Sénégal,1940-1960,1980-2000,Autre,Au cours de votre scolarité,non,L'Égypte antique,aucune,Oui,non,Visionnaire et Pionnier Promoteur du panafricanisme,non,non,Non,Unknow,Oui,Contenu média sur internet etc,Supérieur,Sénégal,Sénégal,jeune,enfant
159,Oui,Sénégal,1920-1940,1980-2000,Anthropologue Ecrivain Historien,Au cours de votre scolarité,non,L'Égypte antique,aucune,Oui,non,Visionnaire et Pionnier Promoteur du panafricanisme,non,non,Non,Unknow,Oui,"Livres, articles, conférences, etc. Contenu média sur internet etc",Supérieur,Autre,Autre,jeune,enfant
160,Oui,Sénégal,1920-1940,2000-2020,Ecrivain Egyptologue Historien,"Livres, article, conférence","nations, negre et culture",L'Égypte antique,nation negre et culture,Oui,kemi seba,Visionnaire et Pionnier Promoteur du panafricanisme,non,non,Non,Unknow,Oui,"Livres, articles, conférences, etc. Contenu média sur internet etc",Supérieur,Sénégal,Autre,jeune,jeune
161,Oui,Sénégal,1920-1940,1980-2000,Autre,Au cours de votre scolarité,nation negre et culture,L'Égypte antique,nation negre et culture,Non,non,Visionnaire et Pionnier Promoteur du panafricanisme,non,non,Non,Unknow,Oui,"Livres, articles, conférences, etc.",Supérieur,Sénégal,Sénégal,jeune,enfant
162,Oui,Sénégal,1900-1920,1980-2000,Anthropologue Ecrivain,"Livres, article, conférence",non,L'Afrique précoloniale,aucune,Oui,non,Visionnaire et Pionnier,non,non,Non,Unknow,Oui,"Livres, articles, conférences, etc.",Supérieur,Côte d'Ivoire,Côte d'Ivoire,adulte,jeune
163,Oui,Autre,1900-1920,2000-2020,Autre,Réseau sociaux,non,L'Égypte antique,aucune,Oui,non,Visionnaire et Pionnier Promoteur du panafricanisme,non,non,Oui,Autre,Non,Contenu média sur internet etc,Supérieur,Togo,Autre,adulte,jeune
164,Oui,Autre,1920-1940,1980-2000,Autre,"A la télévision , A la radio (émission, reportage)",civilisation et barbarie,L'Égypte antique,aucune,Oui,theophile obenga,Visionnaire et Pionnier Promoteur du panafricanisme,marcel griaule,theophile obenga,Oui,Autre,Oui,"Livres, articles, conférences, etc. Contenu média sur internet etc",Supérieur,Côte d'Ivoire,France,adulte,adulte
165,Oui,Sénégal,1900-1920,2000-2020,Autre,Au cours de votre scolarité,non,L'Égypte antique,aucune,Oui,non,Autre,non,non,Non,Unknow,Oui,Contenu média sur internet etc,Supérieur,Sénégal,Sénégal,jeune,jeune
166,Oui,Sénégal,1920-1940,2000-2020,Autre,Réseau sociaux,Autre,L'Égypte antique,nation negre et culture,Non,non,Promoteur du panafricanisme,non,non,Non,Unknow,Oui,Contenu média sur internet etc,Supérieur,Togo,Sénégal,jeune,jeune
167,Oui,Sénégal,1920-1940,1960-1980,Anthropologue Ecrivain Egyptologue Historien,Au cours de votre scolarité,Autre,L'Égypte antique,aucune,Oui,iba der thiam,Visionnaire et Pionnier Promoteur de la Diversité Historique Promoteur du panafricanisme,Autre,Autre,Non,Unknow,Oui,Contenu média sur internet etc,Supérieur,Sénégal,Sénégal,jeune,jeune
168,Oui,Sénégal,1920-1940,1960-1980,Anthropologue Ecrivain Egyptologue Historien Homme politique Physicien,Au cours de votre scolarité,nation negre,L'Égypte antique,aucune,Oui,le panafricanisme,Visionnaire et Pionnier Promoteur de la Diversité Historique Promoteur du panafricanisme,non,leopold sedar senghor,Non,Unknow,Oui,Contenu média sur internet etc,Supérieur,Sénégal,Sénégal,jeune,enfant
169,Oui,Sénégal,1920-1940,1960-1980,Anthropologue Ecrivain Egyptologue Historien Homme politique,"A la télévision , A la radio (émission, reportage)",non,L'Égypte antique,aucune,Oui,non,Visionnaire et Pionnier Promoteur de la Diversité Historique Promoteur du panafricanisme,non,non,Non,Unknow,Oui,Contenu média sur internet etc,Supérieur,Sénégal,Sénégal,jeune,jeune
170,Non,Sénégal,1920-1940,1980-2000,Ecrivain,Au cours de votre scolarité,non,L'Égypte antique,aucune,Oui,non,Visionnaire et Pionnier Promoteur du panafricanisme,non,non,Non,Unknow,Oui,Contenu média sur internet etc,Supérieur,Autre,Autre,jeune,jeune
171,Oui,Sénégal,1920-1940,1980-2000,Anthropologue Egyptologue Historien,Réseau sociaux,Autre,L'Égypte antique,aucune,Oui,le panafricanisme,Visionnaire et Pionnier,non,non,Non,Unknow,Oui,Contenu média sur internet etc,Supérieur,Côte d'Ivoire,Côte d'Ivoire,adulte,jeune
172,Oui,Sénégal,1920-1940,1980-2000,Anthropologue Ecrivain Egyptologue Historien Homme politique Physicien,"A la télévision , A la radio (émission, reportage)",nation negre et culture,L'Égypte antique,nation negre et culture,Oui,Autre,Visionnaire et Pionnier Promoteur du panafricanisme,Autre,theophile obenga,Non,Unknow,Oui,"Livres, articles, conférences, etc.",Supérieur,Côte d'Ivoire,Autre,jeune,jeune
173,Oui,Sénégal,1920-1940,1980-2000,Anthropologue Ecrivain Egyptologue Historien Homme politique,Par des amis et connaissance,Autre,L'Égypte antique,nation negre et culture,Oui,joseph ki zerbo,Visionnaire et Pionnier Promoteur de la Diversité Historique Promoteur du panafricanisme,Autre,non,Oui,Autre,Oui,"Livres, articles, conférences, etc.",Supérieur,Côte d'Ivoire,Autre,adulte,jeune
174,Oui,Sénégal,1920-1940,1980-2000,Autre,Au cours de votre scolarité,nation negre et culture,L'Égypte antique,nation negre et culture,Oui,non,Autre,theophile obenga,theophile obenga,Non,Unknow,Oui,"Livres, articles, conférences, etc. Contenu média sur internet etc",Supérieur,Togo,Autre,jeune,jeune
175,Oui,Sénégal,1920-1940,1980-2000,Anthropologue Ecrivain Egyptologue Historien Homme politique Linguiste Mathématicien Physicien,"Livres, article, conférence",nation negre et culture,L'Égypte antique,nation negre et culture,Oui,theophile obenga,Autre,non,aime cesaire,Oui,Autre,Oui,"Livres, articles, conférences, etc. Contenu média sur internet etc",Supérieur,Autre,France,adulte,jeune
176,Oui,Sénégal,1920-1940,1980-2000,Autre,"A la télévision , A la radio (émission, reportage)",non,L'Égypte antique,aucune,Oui,omotounde kalala,Visionnaire et Pionnier Promoteur du panafricanisme,non,non,Non,Unknow,Oui,Contenu média sur internet etc,Supérieur,Cameroun,Côte d'Ivoire,jeune,enfant
177,Oui,Sénégal,1940-1960,1980-2000,Autre,Au cours de votre scolarité,non,L'Égypte antique,aucune,Oui,non,Visionnaire et Pionnier Promoteur du panafricanisme,non,non,Non,Unknow,Oui,"Livres, articles, conférences, etc.",Supérieur,Côte d'Ivoire,Côte d'Ivoire,jeune,enfant
178,Oui,Sénégal,1920-1940,1980-2000,Ecrivain,Au cours de votre scolarité,non,L'Afrique précoloniale,aucune,Oui,non,Visionnaire et Pionnier,non,non,Oui,Unknow,Oui,"Livres, articles, conférences, etc.",Supérieur,Autre,Côte d'Ivoire,jeune,enfant
179,Oui,Sénégal,1920-1940,1960-1980,Autre,Par des amis et connaissance,Autre,L'Afrique précoloniale,aucune,Oui,non,Visionnaire et Pionnier Promoteur du panafricanisme,non,non,Non,Unknow,Oui,Contenu média sur internet etc,Supérieur,Côte d'Ivoire,Côte d'Ivoire,adulte,jeune
180,Oui,Sénégal,1900-1920,1960-1980,Ecrivain Historien Homme politique,"A la télévision , A la radio (émission, reportage)",non,L'Afrique précoloniale,aucune,Oui,non,Promoteur du panafricanisme,non,non,Non,Unknow,Oui,Contenu média sur internet etc,Supérieur,Côte d'Ivoire,Côte d'Ivoire,jeune,enfant
181,Oui,Sénégal,1920-1940,1980-2000,Ecrivain,"Livres, article, conférence",non,L'Égypte antique,aucune,Oui,Autre,Visionnaire et Pionnier Promoteur de la Diversité Historique,non,non,Non,Unknow,Oui,"Livres, articles, conférences, etc.",Supérieur,Côte d'Ivoire,Côte d'Ivoire,jeune,jeune
182,Oui,Sénégal,1900-1920,2000-2020,Anthropologue Ecrivain Historien,Réseau sociaux,non,L'Afrique précoloniale,aucune,Oui,non,Autre,non,non,Non,Unknow,Oui,Contenu média sur internet etc,Supérieur,Côte d'Ivoire,Côte d'Ivoire,jeune,jeune
183,Oui,Sénégal,1920-1940,1980-2000,Ecrivain Historien Homme politique,Par des amis et connaissance,non,L'Afrique précoloniale,aucune,Oui,non,Visionnaire et Pionnier Promoteur de la Diversité Historique Promoteur du panafricanisme,non,non,Non,Unknow,Oui,"Livres, articles, conférences, etc.",Supérieur,Côte d'Ivoire,Côte d'Ivoire,jeune,jeune
184,Oui,Sénégal,1940-1960,2000-2020,Autre,Par des amis et connaissance,non,L'Égypte antique,aucune,Oui,non,Visionnaire et Pionnier Promoteur du panafricanisme,non,non,Non,Unknow,Oui,Contenu média sur internet etc,Supérieur,Côte d'Ivoire,Côte d'Ivoire,jeune,jeune
185,Oui,Sénégal,1920-1940,1980-2000,Autre,"Livres, article, conférence",nation negre et culture,L'Afrique précoloniale,aucune,Oui,theophile obenga,Visionnaire et Pionnier Promoteur du panafricanisme,marcel griaule,Autre,Non,Unknow,Oui,"Livres, articles, conférences, etc.",Supérieur,Autre,France,adulte,adulte
186,Oui,Sénégal,1940-1960,1960-1980,Anthropologue Ecrivain Egyptologue Historien Homme politique,Au cours de votre scolarité,nation negre et culture,L'Égypte antique,nation negre et culture,Oui,Autre,Visionnaire et Pionnier,Autre,Autre,Non,Unknow,Oui,Contenu média sur internet etc,Supérieur,Sénégal,Autre,adulte,enfant
187,Oui,Sénégal,1920-1940,1980-2000,Autre,"Livres, article, conférence",nation negre et culture,L'Afrique précoloniale,nation negre et culture,Oui,theophile obenga,Visionnaire et Pionnier,gaston bachelard,theophile obenga,Oui,Unknow,Oui,"Livres, articles, conférences, etc.",Supérieur,Cameroun,France,adulte,jeune
188,Oui,Sénégal,1900-1920,1980-2000,Autre,Par des amis et connaissance,nation negre et culture,L'Égypte antique,nation negre et culture,Oui,le panafricanisme,Visionnaire et Pionnier Promoteur du panafricanisme,non,aime cesaire,Non,Unknow,Oui,"Livres, articles, conférences, etc. Contenu média sur internet etc",Supérieur,France,France,adulte,jeune
189,Oui,Sénégal,1920-1940,1980-2000,Anthropologue Ecrivain Egyptologue Historien Homme politique Linguiste Mathématicien Physicien,Au cours de votre scolarité,afrique noire precoloniale,L'Égypte antique,nation negre et culture,Oui,non,Visionnaire et Pionnier,theophile obenga,non,Oui,Autre,Oui,"Livres, articles, conférences, etc.",Supérieur,Sénégal,Sénégal,adulte,enfant
190,Oui,Sénégal,1920-1940,1980-2000,Anthropologue Ecrivain Egyptologue Historien Homme politique,Au cours de votre scolarité,nation negre et culture,L'Égypte antique,"l'unité culturelle de l'afrique noire,1959",Oui,theophile obenga,Promoteur du panafricanisme,non,non,Non,Unknow,Oui,"Livres, articles, conférences, etc.",Supérieur,Sénégal,Sénégal,adulte,jeune
191,Oui,Sénégal,1920-1940,1980-2000,Autre,"Livres, article, conférence",nation negre et culture,L'Égypte antique,nation negre et culture,Oui,theophile obenga,Visionnaire et Pionnier Promoteur du panafricanisme,non,theophile obenga,Non,Unknow,Oui,"Livres, articles, conférences, etc. Contenu média sur internet etc",Supérieur,Autre,France,adulte,jeune
192,Oui,Sénégal,1920-1940,1980-2000,Anthropologue Ecrivain Egyptologue Historien Homme politique Physicien,Au cours de votre scolarité,nation negre et culture,L'Égypte antique,aucune,Oui,le panafricanisme,Visionnaire et Pionnier Critique et Contestataire Promoteur du panafricanisme,non,theophile obenga,Non,Unknow,Oui,Autre à préciser,Supérieur,Sénégal,Sénégal,adulte,enfant
193,Oui,Sénégal,1920-1940,1980-2000,Autre,Autre à préciser,nation negre et culture,L'Afrique précoloniale,nation negre et culture,Oui,theophile obenga,Visionnaire et Pionnier Promoteur du panafricanisme,theophile obenga,Autre,Non,Unknow,Oui,"Livres, articles, conférences, etc. Autre à préciser",Supérieur,Autre,Sénégal,adulte,jeune
194,Oui,Sénégal,1920-1940,1980-2000,Autre,"Livres, article, conférence",civilisation et barbarie,L'Égypte antique,nation negre et culture,Oui,theophile obenga,Promoteur du panafricanisme,pierre marie curie,theophile obenga,Oui,Autre,Oui,"Livres, articles, conférences, etc. Contenu média sur internet etc",Supérieur,Côte d'Ivoire,France,adulte,jeune
195,Oui,Sénégal,1920-1940,1960-1980,Autre,"A la télévision , A la radio (émission, reportage)","nations, negre et culture",L'Égypte antique,aucune,Oui,theophile obenga,Visionnaire et Pionnier Promoteur de la Diversité Historique Promoteur du panafricanisme,non,non,Non,Unknow,Oui,Autre à préciser,Supérieur,Sénégal,Sénégal,adulte,enfant
196,Oui,Sénégal,1920-1940,1980-2000,Anthropologue Ecrivain Egyptologue Historien Homme politique Linguiste Mathématicien Physicien,"Livres, article, conférence",nation negre et culture,L'Égypte antique,nation negre et culture,Oui,joseph ki zerbo,Visionnaire et Pionnier Promoteur du panafricanisme,Autre,joseph ki zerbo,Non,Unknow,Oui,"Livres, articles, conférences, etc.",Supérieur,Sénégal,Sénégal,jeune,jeune
197,Oui,Sénégal,1920-1940,1980-2000,Autre,Au cours de votre scolarité,nation negre et culture,L'Égypte antique,aucune,Oui,non,Visionnaire et Pionnier Critique et Contestataire Promoteur du panafricanisme,non,non,Non,Unknow,Oui,Contenu média sur internet etc,Supérieur,Sénégal,Sénégal,jeune,enfant
198,Oui,Sénégal,1940-1960,1980-2000,Autre,Au cours de votre scolarité,nation negre,L'Égypte antique,nation negre et culture,Oui,non,Autre,non,non,Non,Unknow,Oui,"Livres, articles, conférences, etc.",Supérieur,Sénégal,Sénégal,jeune,jeune
199,Oui,Sénégal,1920-1940,1980-2000,Autre,Au cours de votre scolarité,nation negre et culture,L'Égypte antique,nation negre et culture,Oui,theophile obenga,Visionnaire et Pionnier Promoteur de la Diversité Historique,gaston bachelard,non,Non,Unknow,Oui,"Livres, articles, conférences, etc.",Supérieur,Sénégal,Sénégal,jeune,enfant
200,Oui,Sénégal,1920-1940,1980-2000,Anthropologue Ecrivain Egyptologue Historien Homme politique,Au cours de votre scolarité,non,L'Égypte antique,aucune,Oui,amadou kourouma,Visionnaire et Pionnier Critique et Contestataire Promoteur du panafricanisme,Autre,non,Oui,Autre,Oui,Contenu média sur internet etc,Supérieur,Sénégal,Sénégal,jeune,enfant
201,Oui,Sénégal,1920-1940,1980-2000,Autre,"Livres, article, conférence",nation negre et culture,L'Égypte antique,nation negre et culture,Oui,theophile obenga,Visionnaire et Pionnier Promoteur du panafricanisme,pierre marie curie,theophile obenga,Oui,Autre,Oui,"Livres, articles, conférences, etc. Contenu média sur internet etc",Supérieur,Autre,Autre,adulte,jeune
202,Oui,Sénégal,1960-1980,Toujours vivant,Autre,Au cours de votre scolarité,nation negre et culture,L'Égypte antique,nation negre et culture,Oui,theophile obenga,Visionnaire et Pionnier Promoteur du panafricanisme,non,non,Non,Unknow,Oui,"Livres, articles, conférences, etc. Contenu média sur internet etc",Supérieur,Sénégal,Sénégal,adulte,enfant
203,Oui,Sénégal,1920-1940,1980-2000,Anthropologue Ecrivain Egyptologue Historien Homme politique Linguiste Mathématicien Physicien,Au cours de votre scolarité,nation negre et culture,L'Égypte antique,aucune,Oui,theophile obenga,Visionnaire et Pionnier Promoteur du panafricanisme,non,non,Non,Unknow,Oui,Contenu média sur internet etc,Supérieur,Sénégal,Sénégal,jeune,jeune
204,Oui,Sénégal,1920-1940,1980-2000,Autre,"A la télévision , A la radio (émission, reportage)",nation negre et culture,L'Égypte antique,aucune,Oui,non,Visionnaire et Pionnier Promoteur de la Diversité Historique Promoteur du panafricanisme,non,non,Non,Unknow,Oui,Contenu média sur internet etc,Supérieur,Sénégal,Sénégal,jeune,enfant
205,Oui,Sénégal,1960-1980,Toujours vivant,Autre,"Livres, article, conférence",nation negre et culture,L'Afrique précoloniale,nation negre et culture,Non,non,Visionnaire et Pionnier Promoteur de la Diversité Historique Promoteur du panafricanisme,non,non,Non,Unknow,Oui,"Livres, articles, conférences, etc. Contenu média sur internet etc",Supérieur,Sénégal,Sénégal,jeune,jeune
206,Oui,Sénégal,1920-1940,2000-2020,Autre,Au cours de votre scolarité,nation negre et culture,L'Égypte antique,aucune,Oui,non,Autre,non,non,Oui,Unknow,Oui,"Livres, articles, conférences, etc.",Supérieur,Sénégal,Sénégal,jeune,enfant
207,Oui,Sénégal,1920-1940,1980-2000,Autre,Au cours de votre scolarité,nation negre et culture,L'Égypte antique,aucune,Oui,non,Promoteur du panafricanisme,non,non,Non,Unknow,Oui,Contenu média sur internet etc,Supérieur,Sénégal,Autre,jeune,enfant
208,Oui,Sénégal,1920-1940,1980-2000,Autre,"Livres, article, conférence",nation negre et culture,L'Égypte antique,nation negre et culture,Oui,theophile obenga,Visionnaire et Pionnier Promoteur du panafricanisme,non,theophile obenga,Non,Unknow,Oui,Contenu média sur internet etc,Supérieur,Sénégal,Sénégal,jeune,jeune
209,Oui,Sénégal,1900-1920,1960-1980,Autre,"Livres, article, conférence",nation negre et culture,L'Égypte antique,nation negre et culture,Oui,non,Promoteur du panafricanisme,non,theophile obenga,Non,Unknow,Oui,Contenu média sur internet etc,Supérieur,Autre,Sénégal,jeune,jeune
210,Oui,Sénégal,1920-1940,1980-2000,Ecrivain Historien Homme politique,Par des amis et connaissance,nation negre et culture,L'Égypte antique,nation negre et culture,Oui,omotounde kalala,Visionnaire et Pionnier,non,Autre,Non,Unknow,Oui,"Livres, articles, conférences, etc.",Supérieur,Sénégal,France,jeune,enfant
211,Non,Sénégal,1920-1940,1980-2000,Ecrivain,Au cours de votre scolarité,non,L'Égypte antique,aucune,Oui,non,Visionnaire et Pionnier Promoteur du panafricanisme,non,non,Non,Unknow,Oui,Contenu média sur internet etc,Supérieur,Côte d'Ivoire,Côte d'Ivoire,jeune,jeune
212,Non,Sénégal,1920-1940,1980-2000,Ecrivain,Au cours de votre scolarité,non,L'Égypte antique,aucune,Oui,non,Visionnaire et Pionnier Promoteur du panafricanisme,non,non,Non,Unknow,Oui,Contenu média sur internet etc,Supérieur,Côte d'Ivoire,Côte d'Ivoire,jeune,jeune
213,Oui,Sénégal,1940-1960,1960-1980,Autre,Au cours de votre scolarité,non,L'Afrique précoloniale,aucune,Oui,non,Promoteur du panafricanisme,non,non,Non,Unknow,Oui,"Livres, articles, conférences, etc.",Supérieur,Côte d'Ivoire,Côte d'Ivoire,jeune,jeune
214,Oui,Sénégal,1940-1960,2000-2020,Autre,Réseau sociaux,Autre,L'Égypte antique,aucune,Oui,Autre,Visionnaire et Pionnier Promoteur de la Diversité Historique Promoteur du panafricanisme,non,non,Non,Unknow,Non,Contenu média sur internet etc,Supérieur,Côte d'Ivoire,Côte d'Ivoire,jeune,jeune
215,Non,Sénégal,1920-1940,1980-2000,Ecrivain,Au cours de votre scolarité,non,L'Égypte antique,aucune,Oui,non,Visionnaire et Pionnier Promoteur du panafricanisme,non,non,Non,Unknow,Oui,Contenu média sur internet etc,Supérieur,Côte d'Ivoire,Côte d'Ivoire,jeune,jeune
216,Oui,Côte d'Ivoire,1920-1940,Toujours vivant,Autre,Par des amis et connaissance,non,Le Moyen Âge européen,aucune,Non,non,Promoteur du panafricanisme,non,non,Non,Unknow,Non,"Livres, articles, conférences, etc.",Supérieur,Côte d'Ivoire,Côte d'Ivoire,jeune,jeune
217,Oui,Sénégal,1920-1940,1980-2000,Autre,Autre à préciser,non,L'Afrique précoloniale,aucune,Oui,non,Promoteur du panafricanisme,non,non,Non,Unknow,Oui,Autre à préciser,Supérieur,Côte d'Ivoire,Côte d'Ivoire,jeune,enfant
218,Oui,Sénégal,1920-1940,1980-2000,Autre,"Livres, article, conférence",non,L'Égypte antique,aucune,Oui,amadou kourouma,Visionnaire et Pionnier Critique et Contestataire Promoteur du panafricanisme,non,non,Non,Unknow,Oui,"Livres, articles, conférences, etc.",Supérieur,Côte d'Ivoire,Côte d'Ivoire,jeune,enfant
219,Oui,Sénégal,1920-1940,2000-2020,Ecrivain,Réseau sociaux,non,L'Afrique précoloniale,aucune,Oui,non,Promoteur du panafricanisme,non,leopold sedar senghor,Non,Unknow,Oui,Contenu média sur internet etc,Supérieur,Côte d'Ivoire,Côte d'Ivoire,jeune,jeune
220,Oui,Sénégal,1900-1920,2000-2020,Ecrivain,Au cours de votre scolarité,non,L'Afrique précoloniale,aucune,Oui,non,Autre,non,non,Non,Unknow,Oui,Contenu média sur internet etc,Supérieur,Côte d'Ivoire,Côte d'Ivoire,jeune,jeune
221,Oui,Sénégal,1920-1940,1980-2000,Autre,"Livres, article, conférence",non,L'Égypte antique,aucune,Oui,le panafricanisme,Promoteur du panafricanisme,non,non,Oui,Autre,Oui,Contenu média sur internet etc,Supérieur,Côte d'Ivoire,Côte d'Ivoire,jeune,jeune
222,Oui,Sénégal,1920-1940,1980-2000,Autre,Réseau sociaux,non,L'Égypte antique,aucune,Oui,Autre,Promoteur du panafricanisme,non,non,Non,Unknow,Oui,Contenu média sur internet etc,Supérieur,Côte d'Ivoire,Côte d'Ivoire,jeune,jeune
223,Oui,Côte d'Ivoire,1920-1940,1980-2000,Ecrivain Historien,Au cours de votre scolarité,non,L'Égypte antique,aucune,Oui,non,Promoteur du panafricanisme,non,non,Non,Unknow,Oui,Autre à préciser,Supérieur,Côte d'Ivoire,Côte d'Ivoire,jeune,jeune
224,Oui,Sénégal,1900-1920,1980-2000,Autre,Autre à préciser,non,L'Afrique précoloniale,aucune,Oui,non,Visionnaire et Pionnier Promoteur du panafricanisme,non,non,Non,Unknow,Oui,Contenu média sur internet etc,Supérieur,Côte d'Ivoire,Côte d'Ivoire,jeune,jeune
225,Oui,Sénégal,1940-1960,2000-2020,Ecrivain,Au cours de votre scolarité,non,L'Afrique précoloniale,aucune,Oui,non,Promoteur du panafricanisme,non,non,Non,Unknow,Oui,Contenu média sur internet etc,Supérieur,Autre,Côte d'Ivoire,jeune,enfant
226,Oui,Sénégal,1900-1920,1980-2000,Ecrivain,Au cours de votre scolarité,non,L'Afrique précoloniale,aucune,Oui,non,Promoteur du panafricanisme,Autre,non,Non,Unknow,Oui,Contenu média sur internet etc,Supérieur,Côte d'Ivoire,Côte d'Ivoire,jeune,jeune
227,Oui,Sénégal,1940-1960,Toujours vivant,Ecrivain,Au cours de votre scolarité,non,L'Afrique précoloniale,aucune,Oui,Autre,Visionnaire et Pionnier,non,non,Non,Unknow,Non,Contenu média sur internet etc,Supérieur,Côte d'Ivoire,Côte d'Ivoire,jeune,enfant
228,Oui,Sénégal,1900-1920,1960-1980,Autre,"A la télévision , A la radio (émission, reportage)",non,L'Égypte antique,aucune,Oui,non,Autre,non,non,Non,Unknow,Oui,Contenu média sur internet etc,Supérieur,France,Autre,jeune,adulte
229,Oui,Sénégal,1920-1940,1980-2000,Anthropologue Ecrivain Egyptologue Historien Homme politique,"Livres, article, conférence",Autre,Le Moyen Âge européen,nation negre et culture,Oui,theophile obenga,Promoteur du panafricanisme,gaston bachelard,non,Oui,Autre,Oui,"Livres, articles, conférences, etc.",Supérieur,Autre,Autre,jeune,jeune
230,Oui,Sénégal,1920-1940,1980-2000,Autre,"Livres, article, conférence",Autre,L'Égypte antique,aucune,Oui,non,Visionnaire et Pionnier Promoteur du panafricanisme,non,non,Non,Unknow,Oui,Contenu média sur internet etc,Supérieur,Autre,France,jeune,jeune
231,Oui,Sénégal,1920-1940,2000-2020,Ecrivain Historien,Par des amis et connaissance,non,L'Afrique précoloniale,aucune,Non,non,Promoteur du panafricanisme,non,non,Non,Unknow,Non,"Livres, articles, conférences, etc.",Supérieur,Côte d'Ivoire,France,adulte,jeune
232,Oui,Sénégal,1920-1940,1960-1980,Autre,Au cours de votre scolarité,non,L'Afrique précoloniale,aucune,Oui,Autre,Visionnaire et Pionnier Promoteur du panafricanisme,non,non,Non,Unknow,Oui,Contenu média sur internet etc,Supérieur,Côte d'Ivoire,Côte d'Ivoire,jeune,jeune
233,Non,Sénégal,1920-1940,1980-2000,Ecrivain,Au cours de votre scolarité,non,L'Égypte antique,aucune,Oui,non,Visionnaire et Pionnier Promoteur du panafricanisme,non,non,Non,Unknow,Oui,Contenu média sur internet etc,Supérieur,France,France,jeune,jeune
234,Oui,Sénégal,1920-1940,1960-1980,Anthropologue Ecrivain,Par des amis et connaissance,non,L'Égypte antique,aucune,Oui,non,Autre,non,non,Oui,Autre,Oui,Autre à préciser,Supérieur,France,Autre,jeune,enfant
235,Oui,Sénégal,1920-1940,1960-1980,Autre,Par des amis et connaissance,non,L'Égypte antique,aucune,Oui,non,Visionnaire et Pionnier,Autre,non,Non,Unknow,Oui,Autre à préciser,Supérieur,France,France,jeune,enfant
